{"flutter":{"platforms":{"android":{"default":{"projectId":"roamtheworld-325c4","appId":"1:676158442179:android:5a8b794a54a47517b2b076","fileOutput":"android/app/google-services.json"}},"dart":{"lib/firebase_options.dart":{"projectId":"roamtheworld-325c4","configurations":{"android":"1:676158442179:android:5a8b794a54a47517b2b076","ios":"1:676158442179:ios:2b608f4c9f98e449b2b076","macos":"1:676158442179:ios:2b608f4c9f98e449b2b076","web":"1:676158442179:web:bfcaddbd64ce08cbb2b076","windows":"1:676158442179:web:60f06542d377b36ab2b076"}}}}}}